{
  "name": "draggabilly",
  "main": "draggabilly.js",
  "version": "1.2.3",
  "description": "make that shiz draggable",
  "dependencies": {
    "classie": "~1.0.1",
    "get-size": "~1.2.2",
    "get-style-property": "~1.0.4",
    "unidragger": "~1.1.0"
  },
  "devDependencies": {
    "qunit": "~1.17.1",
    "jquery-bridget": "~1.1.0"
  },
  "homepage": "http://draggabilly.desandro.com",
  "authors": [
    "David DeSandro"
  ],
  "moduleType": [
    "amd",
    "globals",
    "node"
  ],
  "keywords": [
    "drag",
    "draggable"
  ],
  "license": "MIT",
  "ignore": [
    "**/.*",
    "node_modules",
    "bower_components",
    "test",
    "tests",
    "changelog.md",
    "contributing.md",
    "Gruntfile.js",
    "gulpfile.js",
    "package.json",
    "sandbox"
  ],
  "_release": "1.2.3",
  "_resolution": {
    "type": "version",
    "tag": "v1.2.3",
    "commit": "3bd6bb363608a96584f4db14688f17cf2cf59968"
  },
  "_source": "git://github.com/desandro/draggabilly.git",
  "_target": "~1.2.3",
  "_originalSource": "draggabilly",
  "_direct": true
}