{
  "name": "animate.css",
  "version": "3.2.6",
  "main": "./animate.css",
  "ignore": [
    ".*",
    "src",
    "*.yml",
    "Gemfile",
    "Gemfile.lock",
    "*.md"
  ],
  "homepage": "https://github.com/daneden/animate.css",
  "_release": "3.2.6",
  "_resolution": {
    "type": "version",
    "tag": "3.2.6",
    "commit": "64d14c1b65c89d588aefe6fccd3a8b76eefd534a"
  },
  "_source": "git://github.com/daneden/animate.css.git",
  "_target": "~3.2.6",
  "_originalSource": "animate.css",
  "_direct": true
}